axis,chain_depth,branch_depth,n_branches,reversible,pool_size,u_nodes,d_nodes,node_ratio,u_conditions,d_conditions,u_unique,d_unique,u_expansions,d_expansions,expansion_ratio,both,unified_only,dnf_only,neither,u_false_success,d_false_success
chain_depth,0,2,2,False,5,24,21,0.875,7,6,6,5,7,6,0.8571,5,0,0,0,0,0
chain_depth,1,2,2,False,10,28,45,1.6071,8,12,7,10,8,12,1.5,10,0,0,0,0,0
chain_depth,2,2,2,False,15,32,69,2.1562,9,18,8,15,9,18,2.0,15,0,0,0,0,0
chain_depth,3,2,2,False,20,36,93,2.5833,10,24,9,20,10,24,2.4,20,0,0,0,0,0
chain_depth,4,2,2,False,25,40,117,2.925,11,30,10,25,11,30,2.7273,25,0,0,0,0,0
chain_depth,5,2,2,False,30,44,141,3.2045,12,36,11,30,12,36,3.0,30,0,0,0,0,0
chain_depth,6,2,2,False,35,48,165,3.4375,13,42,12,35,13,42,3.2308,35,0,0,0,0,0
chain_depth,8,2,2,False,45,56,213,3.8036,15,54,14,45,15,54,3.6,45,0,0,0,0,0
chain_depth,10,2,2,False,55,64,261,4.0781,17,66,16,55,17,66,3.8824,55,0,0,0,0,0
branch_depth,3,1,2,False,12,28,61,2.1786,8,16,7,12,8,16,2.0,12,0,0,0,0,0
branch_depth,3,2,2,False,20,36,93,2.5833,10,24,9,20,10,24,2.4,20,0,0,0,0,0
branch_depth,3,3,2,False,28,44,125,2.8409,12,32,11,28,12,32,2.6667,28,0,0,0,0,0
branch_depth,3,4,2,False,36,52,157,3.0192,14,40,13,36,14,40,2.8571,36,0,0,0,0,0
branch_depth,3,5,2,False,44,60,189,3.15,16,48,15,44,16,48,3.0,44,0,0,0,0,0
n_branches,3,2,2,False,20,36,93,2.5833,10,24,9,20,10,24,2.4,20,0,0,0,0,0
n_branches,3,2,3,False,28,46,139,3.0217,13,36,11,28,13,36,2.7692,28,0,0,0,0,0
n_branches,3,2,4,False,36,56,185,3.3036,16,48,13,36,16,48,3.0,36,0,0,0,0,0
n_branches,3,2,5,False,44,66,231,3.5,19,60,15,44,19,60,3.1579,44,0,0,0,0,0
n_branches,3,2,6,False,52,76,277,3.6447,22,72,17,52,22,72,3.2727,52,0,0,0,0,0
