problem_id,arm,protect_mode,pool_size,nodes,ref_nodes,node_ratio,expansions,ref_expansions,expansion_ratio,filtered,solved,both,arm_only,ref_only,neither,failure,cycle,cap,violations,false_success,ref_violations,ref_false_success,shared,r1,r2,n_disjuncts,n_solvable,db_actions,db_conflict,mean_del,branch_actions,branch_conflict,interfere_p
0,unified,off,21,204,169,0.8284,52,43,0.8269,0,17,17,0,1,3,4,0,0,0,1,0,0,1,4,1,2,2,20,8,3.8,14,7,0.0
0,protect_l,left,21,116,169,1.4569,30,43,1.4333,34,17,17,0,1,3,4,0,0,0,0,0,0,1,4,1,2,2,20,8,3.8,8,0,0.0
0,protect_s,symmetric,21,76,169,2.2237,20,43,2.15,44,7,7,0,11,3,14,0,0,0,0,0,0,1,4,1,2,2,20,8,3.8,8,0,0.0
1,unified,off,21,196,177,0.9031,50,45,0.9,0,20,20,0,0,1,1,0,0,0,0,0,0,2,2,2,2,2,20,10,3.8,16,7,0.0
1,protect_l,left,21,144,177,1.2292,37,45,1.2162,14,19,19,0,1,1,2,0,0,0,0,0,0,2,2,2,2,2,20,10,3.8,9,0,0.0
1,protect_s,symmetric,21,76,177,2.3289,20,45,2.25,22,6,6,0,14,1,15,0,0,0,0,0,0,2,2,2,2,2,20,10,3.8,9,0,0.0
2,unified,off,20,64,49,0.7656,17,13,0.7647,0,20,20,0,0,0,0,0,0,0,0,0,0,1,2,3,2,2,20,9,4.35,9,3,0.0
2,protect_l,left,20,44,49,1.1136,12,13,1.0833,14,20,20,0,0,0,0,0,0,0,0,0,0,1,2,3,2,2,20,9,4.35,6,0,0.0
2,protect_s,symmetric,20,44,49,1.1136,12,13,1.0833,24,12,12,0,8,0,8,0,0,0,0,0,0,1,2,3,2,2,20,9,4.35,6,0,0.0
3,unified,off,21,52,45,0.8654,14,12,0.8571,0,21,21,0,0,0,0,0,0,0,1,0,0,1,4,1,2,2,20,6,3.85,5,1,0.0
3,protect_l,left,21,104,45,0.4327,27,12,0.4444,16,21,21,0,0,0,0,0,0,0,0,0,0,1,4,1,2,2,20,6,3.85,11,0,0.0
3,protect_s,symmetric,21,92,45,0.4891,24,12,0.5,32,16,16,0,5,0,5,0,0,0,0,0,0,1,4,1,2,2,20,6,3.85,11,0,0.0
4,unified,off,21,204,145,0.7108,52,37,0.7115,0,19,19,0,0,2,2,0,0,0,10,0,0,3,3,3,2,2,20,16,3.8,13,9,0.0
4,protect_l,left,21,72,145,2.0139,19,37,1.9474,32,16,16,0,3,2,5,0,0,0,0,0,0,3,3,3,2,2,20,16,3.8,3,0,0.0
4,protect_s,symmetric,21,36,145,4.0278,10,37,3.7,43,9,9,0,10,2,12,0,0,0,0,0,0,3,3,3,2,2,20,16,3.8,3,0,0.0
5,unified,off,21,52,37,0.7115,14,10,0.7143,0,21,21,0,0,0,0,0,0,0,0,0,0,1,2,4,2,2,20,8,3.9,6,1,0.0
5,protect_l,left,21,48,37,0.7708,13,10,0.7692,9,21,21,0,0,0,0,0,0,0,0,0,0,1,2,4,2,2,20,8,3.9,5,0,0.0
5,protect_s,symmetric,21,40,37,0.925,11,10,0.9091,16,9,9,0,12,0,12,0,0,0,0,0,0,1,2,4,2,2,20,8,3.9,5,0,0.0
6,unified,off,21,236,209,0.8856,60,53,0.8833,0,19,19,0,0,2,2,0,0,0,0,0,0,3,2,1,2,2,20,13,3.9,15,10,0.0
6,protect_l,left,21,132,209,1.5833,34,53,1.5588,15,19,19,0,0,2,2,0,0,0,0,0,0,3,2,1,2,2,20,13,3.9,3,0,0.0
6,protect_s,symmetric,21,40,209,5.225,11,53,4.8182,25,7,7,0,12,2,14,0,0,0,0,0,0,3,2,1,2,2,20,13,3.9,3,0,0.0
7,unified,off,21,112,105,0.9375,29,27,0.931,0,21,21,0,0,0,0,0,0,0,0,0,0,1,1,2,2,2,20,4,3.45,12,2,0.0
7,protect_l,left,21,96,105,1.0938,25,27,1.08,11,21,21,0,0,0,0,0,0,0,0,0,0,1,1,2,2,2,20,4,3.45,10,0,0.0
7,protect_s,symmetric,21,76,105,1.3816,20,27,1.35,19,15,15,0,6,0,6,0,0,0,0,0,0,1,1,2,2,2,20,4,3.45,10,0,0.0
8,unified,off,20,152,125,0.8224,39,32,0.8205,0,14,14,0,0,6,6,0,0,0,3,0,0,1,4,3,2,2,20,9,3.7,10,4,0.0
8,protect_l,left,20,96,125,1.3021,25,32,1.28,30,13,13,0,1,6,7,0,0,0,0,0,0,1,4,3,2,2,20,9,3.7,7,0,0.0
8,protect_s,symmetric,20,56,125,2.2321,15,32,2.1333,37,7,7,0,7,6,13,0,0,0,0,0,0,1,4,3,2,2,20,9,3.7,7,0,0.0
10,unified,off,21,156,125,0.8013,40,32,0.8,0,21,21,0,0,0,0,0,0,0,0,0,0,1,4,3,2,2,20,6,3.85,14,3,0.0
10,protect_l,left,21,104,125,1.2019,27,32,1.1852,13,17,17,0,4,0,4,0,0,0,0,0,0,1,4,3,2,2,20,6,3.85,9,0,0.0
10,protect_s,symmetric,21,72,125,1.7361,19,32,1.6842,22,11,11,0,10,0,10,0,0,0,0,0,0,1,4,3,2,2,20,6,3.85,9,0,0.0
11,unified,off,21,88,53,0.6023,23,14,0.6087,0,21,21,0,0,0,0,0,0,0,0,0,0,5,2,3,2,2,20,17,3.95,7,4,0.0
11,protect_l,left,21,56,53,0.9464,15,14,0.9333,25,21,21,0,0,0,0,0,0,0,0,0,0,5,2,3,2,2,20,17,3.95,3,0,0.0
11,protect_s,symmetric,21,20,53,2.65,6,14,2.3333,28,2,2,0,19,0,19,0,0,0,0,0,0,5,2,3,2,2,20,17,3.95,3,0,0.0
12,unified,off,21,180,145,0.8056,46,37,0.8043,0,20,20,0,0,1,1,0,0,0,1,0,0,1,3,1,2,2,20,4,3.35,14,3,0.0
12,protect_l,left,21,148,145,0.9797,38,37,0.9737,36,20,20,0,0,1,1,0,0,0,0,0,0,1,3,1,2,2,20,4,3.35,11,0,0.0
12,protect_s,symmetric,21,112,145,1.2946,29,37,1.2759,51,15,15,0,5,1,6,0,0,0,0,0,0,1,3,1,2,2,20,4,3.35,11,0,0.0
13,unified,off,21,220,213,0.9682,56,54,0.9643,0,21,21,0,0,0,0,0,0,0,0,0,0,1,2,5,2,2,20,6,3.25,15,5,0.0
13,protect_l,left,21,136,213,1.5662,35,54,1.5429,63,21,21,0,0,0,0,0,0,0,0,0,0,1,2,5,2,2,20,6,3.25,11,0,0.0
13,protect_s,symmetric,21,116,213,1.8362,30,54,1.8,71,13,13,0,8,0,8,0,0,0,0,0,0,1,2,5,2,2,20,6,3.25,11,0,0.0
18,unified,off,20,96,73,0.7604,25,19,0.76,0,20,20,0,0,0,0,0,0,0,0,0,0,2,4,3,2,2,20,10,3.3,10,4,0.0
18,protect_l,left,20,68,73,1.0735,18,19,1.0556,26,20,20,0,0,0,0,0,0,0,0,0,0,2,4,3,2,2,20,10,3.3,5,0,0.0
18,protect_s,symmetric,20,52,73,1.4038,14,19,1.3571,34,8,8,0,12,0,12,0,0,0,0,0,0,2,4,3,2,2,20,10,3.3,5,0,0.0
19,unified,off,21,196,189,0.9643,50,48,0.96,0,1,1,0,19,1,1,0,0,19,49,0,0,2,1,3,2,2,20,13,3.5,15,9,0.0
19,protect_l,left,21,116,189,1.6293,30,48,1.6,20,20,20,0,0,1,1,0,0,0,0,0,0,2,1,3,2,2,20,13,3.5,6,0,0.0
19,protect_s,symmetric,21,40,189,4.725,11,48,4.3636,25,6,6,0,14,1,15,0,0,0,0,0,0,2,1,3,2,2,20,13,3.5,6,0,0.0
20,unified,off,21,168,133,0.7917,43,34,0.7907,0,18,18,0,0,3,3,0,0,0,0,0,0,1,1,4,2,2,20,10,3.9,12,8,0.0
20,protect_l,left,21,56,133,2.375,15,34,2.2667,14,18,18,0,0,3,3,0,0,0,0,0,0,1,1,4,2,2,20,10,3.9,3,0,0.0
20,protect_s,symmetric,21,24,133,5.5417,7,34,4.8571,19,9,9,0,9,3,12,0,0,0,0,0,0,1,1,4,2,2,20,10,3.9,3,0,0.0
21,unified,off,21,144,133,0.9236,37,34,0.9189,0,14,14,0,7,0,0,0,0,7,14,0,0,1,1,2,2,2,20,6,3.85,16,4,0.0
21,protect_l,left,21,120,133,1.1083,31,34,1.0968,19,14,14,0,7,0,7,0,0,0,0,0,0,1,1,2,2,2,20,6,3.85,11,0,0.0
21,protect_s,symmetric,21,88,133,1.5114,23,34,1.4783,26,11,11,0,10,0,10,0,0,0,0,0,0,1,1,2,2,2,20,6,3.85,11,0,0.0
22,unified,off,21,212,217,1.0236,54,55,1.0185,0,3,3,0,18,0,0,0,0,18,48,0,0,3,3,1,2,2,20,13,3.45,13,8,0.0
22,protect_l,left,21,108,217,2.0093,28,55,1.9643,34,19,19,0,2,0,2,0,0,0,0,0,0,3,3,1,2,2,20,13,3.45,6,0,0.0
22,protect_s,symmetric,21,36,217,6.0278,10,55,5.5,42,7,7,0,14,0,14,0,0,0,0,0,0,3,3,1,2,2,20,13,3.45,6,0,0.0
23,unified,off,21,104,105,1.0096,27,27,1.0,0,21,21,0,0,0,0,0,0,0,1,0,0,1,1,1,2,2,20,8,4.0,11,3,0.0
23,protect_l,left,21,92,105,1.1413,24,27,1.125,31,21,21,0,0,0,0,0,0,0,0,0,0,1,1,1,2,2,20,8,4.0,10,0,0.0
23,protect_s,symmetric,21,68,105,1.5441,18,27,1.5,39,18,18,0,3,0,3,0,0,0,0,0,0,1,1,1,2,2,20,8,4.0,10,0,0.0
24,unified,off,20,140,121,0.8643,36,31,0.8611,0,20,20,0,0,0,0,0,0,0,4,0,0,1,3,2,2,2,20,9,4.1,10,4,0.0
24,protect_l,left,20,100,121,1.21,26,31,1.1923,29,18,18,0,2,0,2,0,0,0,0,0,0,1,3,2,2,2,20,9,4.1,6,0,0.0
24,protect_s,symmetric,20,64,121,1.8906,17,31,1.8235,38,13,13,0,7,0,7,0,0,0,0,0,0,1,3,2,2,2,20,9,4.1,6,0,0.0
25,unified,off,21,212,173,0.816,54,44,0.8148,0,14,14,0,0,7,7,0,0,0,0,0,0,2,3,2,2,2,20,10,3.7,15,6,0.0
25,protect_l,left,21,148,173,1.1689,38,44,1.1579,25,14,14,0,0,7,7,0,0,0,0,0,0,2,3,2,2,2,20,10,3.7,9,0,0.0
25,protect_s,symmetric,21,112,173,1.5446,29,44,1.5172,40,8,8,0,6,7,13,0,0,0,0,0,0,2,3,2,2,2,20,10,3.7,9,0,0.0
26,unified,off,20,156,145,0.9295,40,37,0.925,0,20,20,0,0,0,0,0,0,0,0,0,0,1,1,5,2,2,20,7,4.0,13,4,0.0
26,protect_l,left,20,116,145,1.25,30,37,1.2333,32,20,20,0,0,0,0,0,0,0,0,0,0,1,1,5,2,2,20,7,4.0,9,0,0.0
26,protect_s,symmetric,20,96,145,1.5104,25,37,1.48,41,13,13,0,7,0,7,0,0,0,0,0,0,1,1,5,2,2,20,7,4.0,9,0,0.0
27,unified,off,21,140,117,0.8357,36,30,0.8333,0,15,15,0,0,6,6,0,0,0,0,0,0,4,1,1,2,2,20,17,3.4,13,10,0.0
27,protect_l,left,21,68,117,1.7206,18,30,1.6667,23,15,15,0,0,6,6,0,0,0,0,0,0,4,1,1,2,2,20,17,3.4,2,0,0.0
27,protect_s,symmetric,21,24,117,4.875,7,30,4.2857,28,5,5,0,10,6,16,0,0,0,0,0,0,4,1,1,2,2,20,17,3.4,2,0,0.0
28,unified,off,21,160,217,1.3562,41,55,1.3415,0,6,6,0,12,3,15,0,0,0,12,0,0,2,1,2,2,2,20,13,4.15,11,6,0.0
28,protect_l,left,21,112,217,1.9375,29,55,1.8966,37,8,8,0,10,3,13,0,0,0,0,0,0,2,1,2,2,2,20,13,4.15,5,0,0.0
28,protect_s,symmetric,21,44,217,4.9318,12,55,4.5833,43,5,5,0,13,3,16,0,0,0,0,0,0,2,1,2,2,2,20,13,4.15,5,0,0.0
30,unified,off,21,176,129,0.733,45,33,0.7333,0,21,21,0,0,0,0,0,0,0,0,0,0,1,3,2,2,2,20,9,3.8,13,6,0.0
30,protect_l,left,21,128,129,1.0078,33,33,1.0,49,19,19,0,2,0,2,0,0,0,0,0,0,1,3,2,2,2,20,9,3.8,7,0,0.0
30,protect_s,symmetric,21,104,129,1.2404,27,33,1.2222,61,15,15,0,6,0,6,0,0,0,0,0,0,1,3,2,2,2,20,9,3.8,7,0,0.0
31,unified,off,21,268,253,0.944,68,64,0.9412,0,21,21,0,0,0,0,0,0,0,0,0,0,1,4,2,2,2,20,9,3.4,15,5,0.0
31,protect_l,left,21,168,253,1.506,43,64,1.4884,55,19,19,0,2,0,2,0,0,0,0,0,0,1,4,2,2,2,20,9,3.4,10,0,0.0
31,protect_s,symmetric,21,152,253,1.6645,39,64,1.641,62,12,12,0,9,0,9,0,0,0,0,0,0,1,4,2,2,2,20,9,3.4,10,0,0.0
32,unified,off,21,148,109,0.7365,38,28,0.7368,0,18,18,0,2,1,3,0,0,0,10,0,0,1,3,1,2,2,20,8,3.75,14,4,0.0
32,protect_l,left,21,100,109,1.09,26,28,1.0769,30,14,14,0,6,1,7,0,0,0,0,0,0,1,3,1,2,2,20,8,3.75,10,0,0.0
32,protect_s,symmetric,21,64,109,1.7031,17,28,1.6471,36,10,10,0,10,1,11,0,0,0,0,0,0,1,3,1,2,2,20,8,3.75,10,0,0.0
33,unified,off,21,224,205,0.9152,57,52,0.9123,0,21,21,0,0,0,0,0,0,0,0,0,0,2,1,3,2,2,20,10,3.95,18,8,0.0
33,protect_l,left,21,132,205,1.553,34,52,1.5294,13,15,15,0,6,0,6,0,0,0,0,0,0,2,1,3,2,2,20,10,3.95,7,0,0.0
33,protect_s,symmetric,21,44,205,4.6591,12,52,4.3333,23,6,6,0,15,0,15,0,0,0,0,0,0,2,1,3,2,2,20,10,3.95,7,0,0.0
36,unified,off,20,148,117,0.7905,38,30,0.7895,0,20,20,0,0,0,0,0,0,0,0,0,0,1,3,4,2,2,20,10,4.0,13,6,0.0
36,protect_l,left,20,96,117,1.2188,25,30,1.2,37,20,20,0,0,0,0,0,0,0,0,0,0,1,3,4,2,2,20,10,4.0,7,0,0.0
36,protect_s,symmetric,20,84,117,1.3929,22,30,1.3636,43,7,7,0,13,0,13,0,0,0,0,0,0,1,3,4,2,2,20,10,4.0,7,0,0.0
37,unified,off,21,228,281,1.2325,58,71,1.2241,0,13,13,0,7,1,1,0,0,7,19,0,0,2,1,4,2,2,20,11,3.75,12,7,0.0
37,protect_l,left,21,152,281,1.8487,39,71,1.8205,18,10,10,0,10,1,11,0,0,0,0,0,0,2,1,4,2,2,20,11,3.75,7,0,0.0
37,protect_s,symmetric,21,68,281,4.1324,18,71,3.9444,30,9,9,0,11,1,12,0,0,0,0,0,0,2,1,4,2,2,20,11,3.75,7,0,0.0
38,unified,off,21,304,301,0.9901,77,76,0.987,0,20,20,0,0,1,1,0,0,0,0,0,0,3,3,1,2,2,20,17,3.6,16,13,0.0
38,protect_l,left,21,140,301,2.15,36,76,2.1111,26,20,20,0,0,1,1,0,0,0,0,0,0,3,3,1,2,2,20,17,3.6,3,0,0.0
38,protect_s,symmetric,21,48,301,6.2708,13,76,5.8462,49,9,9,0,11,1,12,0,0,0,0,0,0,3,3,1,2,2,20,17,3.6,3,0,0.0
39,unified,off,21,212,129,0.6085,54,33,0.6111,0,21,21,0,0,0,0,0,0,0,3,0,0,4,2,2,2,2,20,14,3.5,11,7,0.0
39,protect_l,left,21,140,129,0.9214,36,33,0.9167,41,19,19,0,2,0,2,0,0,0,0,0,0,4,2,2,2,2,20,14,3.5,4,0,0.0
39,protect_s,symmetric,21,40,129,3.225,11,33,3.0,47,3,3,0,18,0,18,0,0,0,0,0,0,4,2,2,2,2,20,14,3.5,4,0,0.0
40,unified,off,21,140,105,0.75,36,27,0.75,0,20,20,0,0,1,1,0,0,0,0,0,0,2,2,3,2,2,20,12,3.9,12,6,0.0
40,protect_l,left,21,100,105,1.05,26,27,1.0385,38,20,20,0,0,1,1,0,0,0,0,0,0,2,2,3,2,2,20,12,3.9,8,0,0.0
40,protect_s,symmetric,21,72,105,1.4583,19,27,1.4211,52,14,14,0,6,1,7,0,0,0,0,0,0,2,2,3,2,2,20,12,3.9,8,0,0.0
42,unified,off,20,208,133,0.6394,53,34,0.6415,0,10,10,0,6,4,6,0,0,4,11,0,0,2,3,4,2,2,20,10,3.25,13,7,0.0
42,protect_l,left,20,100,133,1.33,26,34,1.3077,22,10,10,0,6,4,10,0,0,0,0,0,0,2,3,4,2,2,20,10,3.25,4,0,0.0
42,protect_s,symmetric,20,28,133,4.75,8,34,4.25,28,3,3,0,13,4,17,0,0,0,0,0,0,2,3,4,2,2,20,10,3.25,4,0,0.0
44,unified,off,21,196,169,0.8622,50,43,0.86,0,5,5,0,14,2,10,0,0,6,17,0,0,1,3,4,2,2,20,8,3.85,17,7,0.0
44,protect_l,left,21,108,169,1.5648,28,43,1.5357,30,13,13,0,6,2,8,0,0,0,0,0,0,1,3,4,2,2,20,8,3.85,9,0,0.0
44,protect_s,symmetric,21,76,169,2.2237,20,43,2.15,37,10,10,0,9,2,11,0,0,0,0,0,0,1,3,4,2,2,20,8,3.85,9,0,0.0
45,unified,off,21,224,189,0.8438,57,48,0.8421,0,18,18,0,0,3,3,0,0,0,1,0,0,3,4,1,2,2,20,13,3.25,15,9,0.0
45,protect_l,left,21,120,189,1.575,31,48,1.5484,25,18,18,0,0,3,3,0,0,0,0,0,0,3,4,1,2,2,20,13,3.25,5,0,0.0
45,protect_s,symmetric,21,52,189,3.6346,14,48,3.4286,32,8,8,0,10,3,13,0,0,0,0,0,0,3,4,1,2,2,20,13,3.25,5,0,0.0
46,unified,off,21,136,89,0.6544,35,23,0.6571,0,21,21,0,0,0,0,0,0,0,5,0,0,1,3,1,2,2,20,7,3.85,11,5,0.0
46,protect_l,left,21,108,89,0.8241,28,23,0.8214,48,21,21,0,0,0,0,0,0,0,0,0,0,1,3,1,2,2,20,7,3.85,8,0,0.0
46,protect_s,symmetric,21,92,89,0.9674,24,23,0.9583,76,21,21,0,0,0,0,0,0,0,0,0,0,1,3,1,2,2,20,7,3.85,8,0,0.0
48,unified,off,21,36,29,0.8056,10,8,0.8,0,21,21,0,0,0,0,0,0,0,0,0,0,2,2,4,2,2,20,9,3.35,5,0,0.0
48,protect_l,left,21,36,29,0.8056,10,8,0.8,8,21,21,0,0,0,0,0,0,0,0,0,0,2,2,4,2,2,20,9,3.35,5,0,0.0
48,protect_s,symmetric,21,36,29,0.8056,10,8,0.8,13,21,21,0,0,0,0,0,0,0,0,0,0,2,2,4,2,2,20,9,3.35,5,0,0.0
49,unified,off,20,204,157,0.7696,52,40,0.7692,0,16,16,0,0,4,4,0,0,0,7,0,0,2,2,2,2,2,20,12,4.1,12,7,0.0
49,protect_l,left,20,112,157,1.4018,29,40,1.3793,16,14,14,0,2,4,6,0,0,0,0,0,0,2,2,2,2,2,20,12,4.1,6,0,0.0
49,protect_s,symmetric,20,44,157,3.5682,12,40,3.3333,24,6,6,0,10,4,14,0,0,0,0,0,0,2,2,2,2,2,20,12,4.1,6,0,0.0
